seed,checkpoint,device,image_id,inference_seconds
42,checkpoint_final.pth,cuda,liver_0626,0.084763
42,checkpoint_final.pth,cuda,liver_0627,0.165231
42,checkpoint_final.pth,cuda,liver_0628,0.088002
42,checkpoint_final.pth,cuda,liver_0629,0.088288
42,checkpoint_final.pth,cuda,liver_0630,0.086675
42,checkpoint_final.pth,cuda,liver_0631,0.087497
42,checkpoint_final.pth,cuda,liver_0632,0.085500
42,checkpoint_final.pth,cuda,liver_0633,0.085174
42,checkpoint_final.pth,cuda,liver_0634,0.085590
42,checkpoint_final.pth,cuda,liver_0635,0.085051
42,checkpoint_final.pth,cuda,liver_0636,0.085264
42,checkpoint_final.pth,cuda,liver_0637,0.085269
42,checkpoint_final.pth,cuda,liver_0638,0.085234
42,checkpoint_final.pth,cuda,liver_0639,0.085225
42,checkpoint_final.pth,cuda,liver_0640,0.175352
42,checkpoint_final.pth,cuda,liver_0641,0.112730
42,checkpoint_final.pth,cuda,liver_0642,0.162888
42,checkpoint_final.pth,cuda,liver_0643,0.084448
42,checkpoint_final.pth,cuda,liver_0644,0.084802
42,checkpoint_final.pth,cuda,liver_0645,0.084486
42,checkpoint_final.pth,cuda,liver_0646,0.084550
42,checkpoint_final.pth,cuda,liver_0647,0.083176
42,checkpoint_final.pth,cuda,liver_0648,0.083478
42,checkpoint_final.pth,cuda,liver_0649,0.083059
42,checkpoint_final.pth,cuda,liver_0650,0.083104
42,checkpoint_final.pth,cuda,liver_0651,0.083155
42,checkpoint_final.pth,cuda,liver_0652,0.084120
42,checkpoint_final.pth,cuda,liver_0653,0.084807
42,checkpoint_final.pth,cuda,liver_0654,0.084892
42,checkpoint_final.pth,cuda,liver_0655,0.084527
42,checkpoint_final.pth,cuda,liver_0656,0.084806
42,checkpoint_final.pth,cuda,liver_0657,0.162422
42,checkpoint_final.pth,cuda,liver_0658,0.085929
42,checkpoint_final.pth,cuda,liver_0659,0.085135
42,checkpoint_final.pth,cuda,liver_0660,0.160846
42,checkpoint_final.pth,cuda,liver_0661,0.162721
42,checkpoint_final.pth,cuda,liver_0662,0.084449
42,checkpoint_final.pth,cuda,liver_0663,0.084653
42,checkpoint_final.pth,cuda,liver_0664,0.163239
42,checkpoint_final.pth,cuda,liver_0665,0.162727
42,checkpoint_final.pth,cuda,liver_0666,0.163297
42,checkpoint_final.pth,cuda,liver_0667,0.161385
42,checkpoint_final.pth,cuda,liver_0668,0.161783
42,checkpoint_final.pth,cuda,liver_0669,0.162967
42,checkpoint_final.pth,cuda,liver_0670,0.162898
42,checkpoint_final.pth,cuda,liver_0671,0.084826
42,checkpoint_final.pth,cuda,liver_0672,0.162708
42,checkpoint_final.pth,cuda,liver_0673,0.163600
42,checkpoint_final.pth,cuda,liver_0674,0.162236
42,checkpoint_final.pth,cuda,liver_0675,0.161162
42,checkpoint_final.pth,cuda,liver_0676,0.084954
42,checkpoint_final.pth,cuda,liver_0677,0.084639
42,checkpoint_final.pth,cuda,liver_0678,0.163163
42,checkpoint_final.pth,cuda,liver_0679,0.162801
42,checkpoint_final.pth,cuda,liver_0680,0.084487
42,checkpoint_final.pth,cuda,liver_0681,0.162514
42,checkpoint_final.pth,cuda,liver_0682,0.084858
42,checkpoint_final.pth,cuda,liver_0683,0.084136
42,checkpoint_final.pth,cuda,liver_0684,0.082920
42,checkpoint_final.pth,cuda,liver_0685,0.162622
42,checkpoint_final.pth,cuda,liver_0686,0.111454
42,checkpoint_final.pth,cuda,liver_0687,0.162673
42,checkpoint_final.pth,cuda,liver_0688,0.162788
42,checkpoint_final.pth,cuda,liver_0689,0.162411
42,checkpoint_final.pth,cuda,liver_0690,0.083054
42,checkpoint_final.pth,cuda,liver_0691,0.084951
42,checkpoint_final.pth,cuda,liver_0692,0.084663
42,checkpoint_final.pth,cuda,liver_0693,0.162624
42,checkpoint_final.pth,cuda,liver_0694,0.162846
42,checkpoint_final.pth,cuda,liver_0695,0.162922
42,checkpoint_final.pth,cuda,liver_0696,0.162810
42,checkpoint_final.pth,cuda,liver_0697,0.109027
42,checkpoint_final.pth,cuda,liver_0698,0.162586
42,checkpoint_final.pth,cuda,liver_0699,0.161301
42,checkpoint_final.pth,cuda,liver_0700,0.162643
42,checkpoint_final.pth,cuda,liver_0701,0.162653
42,checkpoint_final.pth,cuda,liver_0702,0.084165
42,checkpoint_final.pth,cuda,liver_0703,0.161102
42,checkpoint_final.pth,cuda,liver_0704,0.162281
42,checkpoint_final.pth,cuda,liver_0705,0.161842
42,checkpoint_final.pth,cuda,liver_0706,0.160731
42,checkpoint_final.pth,cuda,liver_0707,0.161307
42,checkpoint_final.pth,cuda,liver_0708,0.162474
42,checkpoint_final.pth,cuda,liver_0709,0.163256
42,checkpoint_final.pth,cuda,liver_0710,0.162665
42,checkpoint_final.pth,cuda,liver_0711,0.162339
42,checkpoint_final.pth,cuda,liver_0712,0.162071
42,checkpoint_final.pth,cuda,liver_0713,0.162566
42,checkpoint_final.pth,cuda,liver_0714,0.162476
42,checkpoint_final.pth,cuda,liver_0715,0.162064
42,checkpoint_final.pth,cuda,liver_0716,0.084120
42,checkpoint_final.pth,cuda,liver_0717,0.110548
42,checkpoint_final.pth,cuda,liver_0718,0.084647
42,checkpoint_final.pth,cuda,liver_0719,0.163882
42,checkpoint_final.pth,cuda,liver_0720,0.163003
42,checkpoint_final.pth,cuda,liver_0721,0.084289
42,checkpoint_final.pth,cuda,liver_0722,0.083437
42,checkpoint_final.pth,cuda,liver_0723,0.082836
42,checkpoint_final.pth,cuda,liver_0724,0.082993
42,checkpoint_final.pth,cuda,liver_0725,0.083559
42,checkpoint_final.pth,cuda,liver_0726,0.084392
42,checkpoint_final.pth,cuda,liver_0727,0.083013
42,checkpoint_final.pth,cuda,liver_0728,0.084463
42,checkpoint_final.pth,cuda,liver_0729,0.083062
42,checkpoint_final.pth,cuda,liver_0730,0.083143
42,checkpoint_final.pth,cuda,liver_0731,0.083131
42,checkpoint_final.pth,cuda,liver_0732,0.084372
42,checkpoint_final.pth,cuda,liver_0733,0.084641
42,checkpoint_final.pth,cuda,liver_0734,0.084789
42,checkpoint_final.pth,cuda,liver_0735,0.083211
43,checkpoint_final.pth,cuda,liver_0626,0.085179
43,checkpoint_final.pth,cuda,liver_0627,0.164011
43,checkpoint_final.pth,cuda,liver_0628,0.083366
43,checkpoint_final.pth,cuda,liver_0629,0.083857
43,checkpoint_final.pth,cuda,liver_0630,0.082970
43,checkpoint_final.pth,cuda,liver_0631,0.084970
43,checkpoint_final.pth,cuda,liver_0632,0.084261
43,checkpoint_final.pth,cuda,liver_0633,0.083800
43,checkpoint_final.pth,cuda,liver_0634,0.084703
43,checkpoint_final.pth,cuda,liver_0635,0.083244
43,checkpoint_final.pth,cuda,liver_0636,0.086150
43,checkpoint_final.pth,cuda,liver_0637,0.083552
43,checkpoint_final.pth,cuda,liver_0638,0.083746
43,checkpoint_final.pth,cuda,liver_0639,0.084812
43,checkpoint_final.pth,cuda,liver_0640,0.163286
43,checkpoint_final.pth,cuda,liver_0641,0.109250
43,checkpoint_final.pth,cuda,liver_0642,0.161299
43,checkpoint_final.pth,cuda,liver_0643,0.083192
43,checkpoint_final.pth,cuda,liver_0644,0.085005
43,checkpoint_final.pth,cuda,liver_0645,0.083077
43,checkpoint_final.pth,cuda,liver_0646,0.083381
43,checkpoint_final.pth,cuda,liver_0647,0.083563
43,checkpoint_final.pth,cuda,liver_0648,0.084312
43,checkpoint_final.pth,cuda,liver_0649,0.083104
43,checkpoint_final.pth,cuda,liver_0650,0.083245
43,checkpoint_final.pth,cuda,liver_0651,0.084772
43,checkpoint_final.pth,cuda,liver_0652,0.085167
43,checkpoint_final.pth,cuda,liver_0653,0.085491
43,checkpoint_final.pth,cuda,liver_0654,0.085212
43,checkpoint_final.pth,cuda,liver_0655,0.085081
43,checkpoint_final.pth,cuda,liver_0656,0.085324
43,checkpoint_final.pth,cuda,liver_0657,0.161767
43,checkpoint_final.pth,cuda,liver_0658,0.082923
43,checkpoint_final.pth,cuda,liver_0659,0.083126
43,checkpoint_final.pth,cuda,liver_0660,0.163125
43,checkpoint_final.pth,cuda,liver_0661,0.163722
43,checkpoint_final.pth,cuda,liver_0662,0.083062
43,checkpoint_final.pth,cuda,liver_0663,0.083828
43,checkpoint_final.pth,cuda,liver_0664,0.164336
43,checkpoint_final.pth,cuda,liver_0665,0.162586
43,checkpoint_final.pth,cuda,liver_0666,0.162961
43,checkpoint_final.pth,cuda,liver_0667,0.162352
43,checkpoint_final.pth,cuda,liver_0668,0.164292
43,checkpoint_final.pth,cuda,liver_0669,0.163682
43,checkpoint_final.pth,cuda,liver_0670,0.163973
43,checkpoint_final.pth,cuda,liver_0671,0.083376
43,checkpoint_final.pth,cuda,liver_0672,0.164684
43,checkpoint_final.pth,cuda,liver_0673,0.163643
43,checkpoint_final.pth,cuda,liver_0674,0.164180
43,checkpoint_final.pth,cuda,liver_0675,0.163710
43,checkpoint_final.pth,cuda,liver_0676,0.085220
43,checkpoint_final.pth,cuda,liver_0677,0.085463
43,checkpoint_final.pth,cuda,liver_0678,0.162206
43,checkpoint_final.pth,cuda,liver_0679,0.164034
43,checkpoint_final.pth,cuda,liver_0680,0.085260
43,checkpoint_final.pth,cuda,liver_0681,0.163254
43,checkpoint_final.pth,cuda,liver_0682,0.083055
43,checkpoint_final.pth,cuda,liver_0683,0.084839
43,checkpoint_final.pth,cuda,liver_0684,0.085116
43,checkpoint_final.pth,cuda,liver_0685,0.163068
43,checkpoint_final.pth,cuda,liver_0686,0.111485
43,checkpoint_final.pth,cuda,liver_0687,0.162102
43,checkpoint_final.pth,cuda,liver_0688,0.164208
43,checkpoint_final.pth,cuda,liver_0689,0.161328
43,checkpoint_final.pth,cuda,liver_0690,0.083115
43,checkpoint_final.pth,cuda,liver_0691,0.084961
43,checkpoint_final.pth,cuda,liver_0692,0.084968
43,checkpoint_final.pth,cuda,liver_0693,0.163855
43,checkpoint_final.pth,cuda,liver_0694,0.163362
43,checkpoint_final.pth,cuda,liver_0695,0.163332
43,checkpoint_final.pth,cuda,liver_0696,0.161143
43,checkpoint_final.pth,cuda,liver_0697,0.109107
43,checkpoint_final.pth,cuda,liver_0698,0.162998
43,checkpoint_final.pth,cuda,liver_0699,0.163521
43,checkpoint_final.pth,cuda,liver_0700,0.163339
43,checkpoint_final.pth,cuda,liver_0701,0.161406
43,checkpoint_final.pth,cuda,liver_0702,0.083148
43,checkpoint_final.pth,cuda,liver_0703,0.162174
43,checkpoint_final.pth,cuda,liver_0704,0.163292
43,checkpoint_final.pth,cuda,liver_0705,0.162482
43,checkpoint_final.pth,cuda,liver_0706,0.163873
43,checkpoint_final.pth,cuda,liver_0707,0.163435
43,checkpoint_final.pth,cuda,liver_0708,0.163034
43,checkpoint_final.pth,cuda,liver_0709,0.163461
43,checkpoint_final.pth,cuda,liver_0710,0.163581
43,checkpoint_final.pth,cuda,liver_0711,0.163517
43,checkpoint_final.pth,cuda,liver_0712,0.170337
43,checkpoint_final.pth,cuda,liver_0713,0.168062
43,checkpoint_final.pth,cuda,liver_0714,0.164267
43,checkpoint_final.pth,cuda,liver_0715,0.166467
43,checkpoint_final.pth,cuda,liver_0716,0.085473
43,checkpoint_final.pth,cuda,liver_0717,0.112402
43,checkpoint_final.pth,cuda,liver_0718,0.085961
43,checkpoint_final.pth,cuda,liver_0719,0.166158
43,checkpoint_final.pth,cuda,liver_0720,0.164078
43,checkpoint_final.pth,cuda,liver_0721,0.085261
43,checkpoint_final.pth,cuda,liver_0722,0.084929
43,checkpoint_final.pth,cuda,liver_0723,0.101504
43,checkpoint_final.pth,cuda,liver_0724,0.084933
43,checkpoint_final.pth,cuda,liver_0725,0.084184
43,checkpoint_final.pth,cuda,liver_0726,0.084409
43,checkpoint_final.pth,cuda,liver_0727,0.084742
43,checkpoint_final.pth,cuda,liver_0728,0.084960
43,checkpoint_final.pth,cuda,liver_0729,0.084884
43,checkpoint_final.pth,cuda,liver_0730,0.084803
43,checkpoint_final.pth,cuda,liver_0731,0.085189
43,checkpoint_final.pth,cuda,liver_0732,0.085083
43,checkpoint_final.pth,cuda,liver_0733,0.084827
43,checkpoint_final.pth,cuda,liver_0734,0.083983
43,checkpoint_final.pth,cuda,liver_0735,0.083301
44,checkpoint_final.pth,cuda,liver_0626,0.084869
44,checkpoint_final.pth,cuda,liver_0627,0.185168
44,checkpoint_final.pth,cuda,liver_0628,0.083245
44,checkpoint_final.pth,cuda,liver_0629,0.084466
44,checkpoint_final.pth,cuda,liver_0630,0.084243
44,checkpoint_final.pth,cuda,liver_0631,0.085052
44,checkpoint_final.pth,cuda,liver_0632,0.085181
44,checkpoint_final.pth,cuda,liver_0633,0.084751
44,checkpoint_final.pth,cuda,liver_0634,0.084967
44,checkpoint_final.pth,cuda,liver_0635,0.084273
44,checkpoint_final.pth,cuda,liver_0636,0.083387
44,checkpoint_final.pth,cuda,liver_0637,0.083202
44,checkpoint_final.pth,cuda,liver_0638,0.083629
44,checkpoint_final.pth,cuda,liver_0639,0.084478
44,checkpoint_final.pth,cuda,liver_0640,0.161807
44,checkpoint_final.pth,cuda,liver_0641,0.109370
44,checkpoint_final.pth,cuda,liver_0642,0.161107
44,checkpoint_final.pth,cuda,liver_0643,0.082873
44,checkpoint_final.pth,cuda,liver_0644,0.083445
44,checkpoint_final.pth,cuda,liver_0645,0.084570
44,checkpoint_final.pth,cuda,liver_0646,0.085149
44,checkpoint_final.pth,cuda,liver_0647,0.084917
44,checkpoint_final.pth,cuda,liver_0648,0.083940
44,checkpoint_final.pth,cuda,liver_0649,0.084250
44,checkpoint_final.pth,cuda,liver_0650,0.085384
44,checkpoint_final.pth,cuda,liver_0651,0.084942
44,checkpoint_final.pth,cuda,liver_0652,0.085388
44,checkpoint_final.pth,cuda,liver_0653,0.085402
44,checkpoint_final.pth,cuda,liver_0654,0.084900
44,checkpoint_final.pth,cuda,liver_0655,0.084937
44,checkpoint_final.pth,cuda,liver_0656,0.087716
44,checkpoint_final.pth,cuda,liver_0657,0.172789
44,checkpoint_final.pth,cuda,liver_0658,0.085797
44,checkpoint_final.pth,cuda,liver_0659,0.085155
44,checkpoint_final.pth,cuda,liver_0660,0.166173
44,checkpoint_final.pth,cuda,liver_0661,0.164865
44,checkpoint_final.pth,cuda,liver_0662,0.085678
44,checkpoint_final.pth,cuda,liver_0663,0.086113
44,checkpoint_final.pth,cuda,liver_0664,0.165705
44,checkpoint_final.pth,cuda,liver_0665,0.163168
44,checkpoint_final.pth,cuda,liver_0666,0.162299
44,checkpoint_final.pth,cuda,liver_0667,0.163131
44,checkpoint_final.pth,cuda,liver_0668,0.163413
44,checkpoint_final.pth,cuda,liver_0669,0.163919
44,checkpoint_final.pth,cuda,liver_0670,0.162672
44,checkpoint_final.pth,cuda,liver_0671,0.083183
44,checkpoint_final.pth,cuda,liver_0672,0.162336
44,checkpoint_final.pth,cuda,liver_0673,0.163114
44,checkpoint_final.pth,cuda,liver_0674,0.162493
44,checkpoint_final.pth,cuda,liver_0675,0.163621
44,checkpoint_final.pth,cuda,liver_0676,0.085036
44,checkpoint_final.pth,cuda,liver_0677,0.085442
44,checkpoint_final.pth,cuda,liver_0678,0.163475
44,checkpoint_final.pth,cuda,liver_0679,0.161396
44,checkpoint_final.pth,cuda,liver_0680,0.083472
44,checkpoint_final.pth,cuda,liver_0681,0.161546
44,checkpoint_final.pth,cuda,liver_0682,0.083358
44,checkpoint_final.pth,cuda,liver_0683,0.083603
44,checkpoint_final.pth,cuda,liver_0684,0.083329
44,checkpoint_final.pth,cuda,liver_0685,0.162380
44,checkpoint_final.pth,cuda,liver_0686,0.111512
44,checkpoint_final.pth,cuda,liver_0687,0.161784
44,checkpoint_final.pth,cuda,liver_0688,0.161769
44,checkpoint_final.pth,cuda,liver_0689,0.162517
44,checkpoint_final.pth,cuda,liver_0690,0.083425
44,checkpoint_final.pth,cuda,liver_0691,0.083265
44,checkpoint_final.pth,cuda,liver_0692,0.084848
44,checkpoint_final.pth,cuda,liver_0693,0.163515
44,checkpoint_final.pth,cuda,liver_0694,0.162021
44,checkpoint_final.pth,cuda,liver_0695,0.161511
44,checkpoint_final.pth,cuda,liver_0696,0.161654
44,checkpoint_final.pth,cuda,liver_0697,0.111383
44,checkpoint_final.pth,cuda,liver_0698,0.162701
44,checkpoint_final.pth,cuda,liver_0699,0.161727
44,checkpoint_final.pth,cuda,liver_0700,0.162405
44,checkpoint_final.pth,cuda,liver_0701,0.161746
44,checkpoint_final.pth,cuda,liver_0702,0.083160
44,checkpoint_final.pth,cuda,liver_0703,0.161735
44,checkpoint_final.pth,cuda,liver_0704,0.161889
44,checkpoint_final.pth,cuda,liver_0705,0.162070
44,checkpoint_final.pth,cuda,liver_0706,0.163497
44,checkpoint_final.pth,cuda,liver_0707,0.163850
44,checkpoint_final.pth,cuda,liver_0708,0.161361
44,checkpoint_final.pth,cuda,liver_0709,0.161975
44,checkpoint_final.pth,cuda,liver_0710,0.163391
44,checkpoint_final.pth,cuda,liver_0711,0.164670
44,checkpoint_final.pth,cuda,liver_0712,0.164176
44,checkpoint_final.pth,cuda,liver_0713,0.164821
44,checkpoint_final.pth,cuda,liver_0714,0.162892
44,checkpoint_final.pth,cuda,liver_0715,0.163674
44,checkpoint_final.pth,cuda,liver_0716,0.083311
44,checkpoint_final.pth,cuda,liver_0717,0.109931
44,checkpoint_final.pth,cuda,liver_0718,0.083603
44,checkpoint_final.pth,cuda,liver_0719,0.163285
44,checkpoint_final.pth,cuda,liver_0720,0.164747
44,checkpoint_final.pth,cuda,liver_0721,0.085072
44,checkpoint_final.pth,cuda,liver_0722,0.084387
44,checkpoint_final.pth,cuda,liver_0723,0.082968
44,checkpoint_final.pth,cuda,liver_0724,0.083926
44,checkpoint_final.pth,cuda,liver_0725,0.084057
44,checkpoint_final.pth,cuda,liver_0726,0.084573
44,checkpoint_final.pth,cuda,liver_0727,0.084119
44,checkpoint_final.pth,cuda,liver_0728,0.084967
44,checkpoint_final.pth,cuda,liver_0729,0.084751
44,checkpoint_final.pth,cuda,liver_0730,0.085072
44,checkpoint_final.pth,cuda,liver_0731,0.085081
44,checkpoint_final.pth,cuda,liver_0732,0.084911
44,checkpoint_final.pth,cuda,liver_0733,0.084254
44,checkpoint_final.pth,cuda,liver_0734,0.083339
44,checkpoint_final.pth,cuda,liver_0735,0.083235
