timestamp, index, utilization.gpu [%], utilization.memory [%], memory.used [MiB], memory.total [MiB], power.draw [W], power.limit [W], temperature.gpu, clocks.current.sm [MHz]
2026/09/19 22:17:32.198, 0, 0 %, 0 %, 0 MiB, 49140 MiB, 5.82 W, 300.00 W, 32, 210 MHz
2026/09/19 22:17:33.204, 0, 0 %, 0 %, 0 MiB, 49140 MiB, 5.59 W, 300.00 W, 32, 210 MHz
2026/09/19 22:17:34.204, 0, 0 %, 0 %, 0 MiB, 49140 MiB, 5.68 W, 300.00 W, 32, 210 MHz
2026/09/19 22:17:35.205, 0, 0 %, 0 %, 0 MiB, 49140 MiB, 5.71 W, 300.00 W, 32, 210 MHz
2026/09/19 22:17:36.206, 0, 0 %, 0 %, 33 MiB, 49140 MiB, 6.36 W, 300.00 W, 32, 210 MHz
2026/09/19 22:17:37.206, 0, 10 %, 0 %, 987 MiB, 49140 MiB, 33.73 W, 300.00 W, 33, 2505 MHz
2026/09/19 22:17:38.207, 0, 0 %, 0 %, 1183 MiB, 49140 MiB, 49.13 W, 300.00 W, 33, 2505 MHz
2026/09/19 22:17:39.208, 0, 0 %, 0 %, 1183 MiB, 49140 MiB, 49.03 W, 300.00 W, 34, 2505 MHz
2026/09/19 22:17:40.212, 0, 0 %, 0 %, 1183 MiB, 49140 MiB, 48.37 W, 300.00 W, 34, 2505 MHz
2026/09/19 22:17:41.212, 0, 0 %, 0 %, 1183 MiB, 49140 MiB, 48.28 W, 300.00 W, 34, 2505 MHz
2026/09/19 22:17:42.213, 0, 0 %, 0 %, 1183 MiB, 49140 MiB, 48.25 W, 300.00 W, 34, 2505 MHz
2026/09/19 22:17:43.213, 0, 0 %, 0 %, 873 MiB, 49140 MiB, 48.35 W, 300.00 W, 34, 2505 MHz
2026/09/19 22:17:44.214, 0, 10 %, 0 %, 941 MiB, 49140 MiB, 48.77 W, 300.00 W, 34, 2505 MHz
2026/09/19 22:17:45.215, 0, 0 %, 0 %, 941 MiB, 49140 MiB, 48.85 W, 300.00 W, 35, 2505 MHz
2026/09/19 22:17:46.216, 0, 0 %, 0 %, 941 MiB, 49140 MiB, 48.46 W, 300.00 W, 35, 2505 MHz
2026/09/19 22:17:47.219, 0, 0 %, 0 %, 941 MiB, 49140 MiB, 48.01 W, 300.00 W, 35, 2505 MHz
2026/09/19 22:17:48.219, 0, 0 %, 0 %, 941 MiB, 49140 MiB, 47.95 W, 300.00 W, 35, 2505 MHz
2026/09/19 22:17:49.220, 0, 0 %, 0 %, 941 MiB, 49140 MiB, 48.19 W, 300.00 W, 35, 2505 MHz
2026/09/19 22:17:50.220, 0, 0 %, 0 %, 941 MiB, 49140 MiB, 48.44 W, 300.00 W, 35, 2505 MHz
2026/09/19 22:17:51.221, 0, 0 %, 0 %, 941 MiB, 49140 MiB, 48.21 W, 300.00 W, 35, 2505 MHz
2026/09/19 22:17:52.221, 0, 0 %, 0 %, 941 MiB, 49140 MiB, 48.15 W, 300.00 W, 35, 2505 MHz
2026/09/19 22:17:53.222, 0, 0 %, 0 %, 941 MiB, 49140 MiB, 48.08 W, 300.00 W, 35, 2505 MHz
2026/09/19 22:17:54.222, 0, 0 %, 0 %, 941 MiB, 49140 MiB, 48.11 W, 300.00 W, 35, 2505 MHz
2026/09/19 22:17:55.223, 0, 0 %, 0 %, 941 MiB, 49140 MiB, 48.21 W, 300.00 W, 36, 2505 MHz
2026/09/19 22:17:56.223, 0, 0 %, 0 %, 1139 MiB, 49140 MiB, 64.68 W, 300.00 W, 38, 2730 MHz
2026/09/19 22:17:57.224, 0, 25 %, 24 %, 1143 MiB, 49140 MiB, 109.81 W, 300.00 W, 38, 2730 MHz
2026/09/19 22:17:58.224, 0, 60 %, 67 %, 1111 MiB, 49140 MiB, 125.26 W, 300.00 W, 40, 2730 MHz
2026/09/19 22:17:59.225, 0, 0 %, 0 %, 1111 MiB, 49140 MiB, 80.34 W, 300.00 W, 37, 2730 MHz
2026/09/19 22:18:00.226, 0, 0 %, 0 %, 1079 MiB, 49140 MiB, 105.75 W, 300.00 W, 41, 2535 MHz
2026/09/19 22:18:01.227, 0, 44 %, 17 %, 1079 MiB, 49140 MiB, 138.20 W, 300.00 W, 44, 2715 MHz
2026/09/19 22:18:02.228, 0, 36 %, 14 %, 1079 MiB, 49140 MiB, 177.92 W, 300.00 W, 43, 2670 MHz
2026/09/19 22:18:03.230, 0, 50 %, 18 %, 1079 MiB, 49140 MiB, 188.95 W, 300.00 W, 46, 2715 MHz
2026/09/19 22:18:04.230, 0, 71 %, 26 %, 1079 MiB, 49140 MiB, 176.02 W, 300.00 W, 47, 2715 MHz
2026/09/19 22:18:05.231, 0, 46 %, 16 %, 955 MiB, 49140 MiB, 186.05 W, 300.00 W, 48, 2715 MHz
2026/09/19 22:18:06.231, 0, 11 %, 4 %, 955 MiB, 49140 MiB, 181.94 W, 300.00 W, 47, 2715 MHz
2026/09/19 22:18:07.232, 0, 22 %, 7 %, 955 MiB, 49140 MiB, 114.39 W, 300.00 W, 42, 2715 MHz
2026/09/19 22:18:08.232, 0, 0 %, 0 %, 955 MiB, 49140 MiB, 70.46 W, 300.00 W, 41, 2505 MHz
2026/09/19 22:18:09.233, 0, 0 %, 0 %, 955 MiB, 49140 MiB, 49.15 W, 300.00 W, 40, 2505 MHz
2026/09/19 22:18:10.234, 0, 0 %, 0 %, 955 MiB, 49140 MiB, 48.96 W, 300.00 W, 40, 2505 MHz
2026/09/19 22:18:11.234, 0, 0 %, 0 %, 955 MiB, 49140 MiB, 48.99 W, 300.00 W, 40, 2505 MHz
2026/09/19 22:18:12.235, 0, 0 %, 0 %, 955 MiB, 49140 MiB, 49.09 W, 300.00 W, 40, 2505 MHz
2026/09/19 22:18:13.235, 0, 0 %, 0 %, 955 MiB, 49140 MiB, 49.42 W, 300.00 W, 40, 2505 MHz
2026/09/19 22:18:14.236, 0, 0 %, 0 %, 0 MiB, 49140 MiB, 49.44 W, 300.00 W, 40, 2505 MHz
2026/09/19 22:18:15.236, 0, 0 %, 0 %, 0 MiB, 49140 MiB, 50.45 W, 300.00 W, 40, 2505 MHz
2026/09/19 22:18:16.237, 0, 0 %, 0 %, 0 MiB, 49140 MiB, 44.07 W, 300.00 W, 40, 2505 MHz
2026/09/19 22:18:17.237, 0, 0 %, 0 %, 0 MiB, 49140 MiB, 31.00 W, 300.00 W, 40, 630 MHz
2026/09/19 22:18:18.238, 0, 0 %, 0 %, 0 MiB, 49140 MiB, 9.56 W, 300.00 W, 39, 375 MHz
2026/09/19 22:18:19.239, 0, 0 %, 0 %, 0 MiB, 49140 MiB, 8.74 W, 300.00 W, 39, 210 MHz
2026/09/19 22:18:20.239, 0, 0 %, 0 %, 0 MiB, 49140 MiB, 7.80 W, 300.00 W, 39, 210 MHz
2026/09/19 22:18:21.241, 0, 0 %, 0 %, 0 MiB, 49140 MiB, 7.73 W, 300.00 W, 39, 210 MHz
2026/09/19 22:18:22.242, 0, 0 %, 0 %, 0 MiB, 49140 MiB, 7.75 W, 300.00 W, 39, 210 MHz
2026/09/19 22:18:23.243, 0, 0 %, 0 %, 0 MiB, 49140 MiB, 7.61 W, 300.00 W, 38, 210 MHz
2026/09/19 22:18:24.244, 0, 0 %, 0 %, 0 MiB, 49140 MiB, 7.57 W, 300.00 W, 38, 210 MHz
2026/09/19 22:18:25.245, 0, 0 %, 0 %, 701 MiB, 49140 MiB, 7.55 W, 300.00 W, 38, 210 MHz
2026/09/19 22:18:26.245, 0, 0 %, 0 %, 783 MiB, 49140 MiB, 26.32 W, 300.00 W, 39, 2505 MHz
2026/09/19 22:18:27.246, 0, 6 %, 0 %, 1009 MiB, 49140 MiB, 56.05 W, 300.00 W, 40, 2505 MHz
2026/09/19 22:18:28.246, 0, 0 %, 0 %, 717 MiB, 49140 MiB, 72.39 W, 300.00 W, 43, 2505 MHz
2026/09/19 22:18:29.247, 0, 48 %, 9 %, 717 MiB, 49140 MiB, 112.27 W, 300.00 W, 43, 2730 MHz
2026/09/19 22:18:30.247, 0, 47 %, 11 %, 717 MiB, 49140 MiB, 128.46 W, 300.00 W, 42, 2715 MHz
2026/09/19 22:18:31.248, 0, 48 %, 11 %, 717 MiB, 49140 MiB, 112.22 W, 300.00 W, 42, 2715 MHz
2026/09/19 22:18:32.248, 0, 50 %, 13 %, 1087 MiB, 49140 MiB, 139.19 W, 300.00 W, 46, 2715 MHz
2026/09/19 22:18:33.249, 0, 51 %, 25 %, 1087 MiB, 49140 MiB, 155.41 W, 300.00 W, 44, 2715 MHz
2026/09/19 22:18:34.249, 0, 52 %, 26 %, 717 MiB, 49140 MiB, 146.65 W, 300.00 W, 44, 2715 MHz
2026/09/19 22:18:35.250, 0, 45 %, 10 %, 717 MiB, 49140 MiB, 132.82 W, 300.00 W, 44, 2715 MHz
2026/09/19 22:18:36.251, 0, 53 %, 16 %, 717 MiB, 49140 MiB, 143.52 W, 300.00 W, 45, 2715 MHz
2026/09/19 22:18:37.251, 0, 50 %, 14 %, 717 MiB, 49140 MiB, 144.10 W, 300.00 W, 46, 2715 MHz
2026/09/19 22:18:38.252, 0, 48 %, 11 %, 1087 MiB, 49140 MiB, 155.89 W, 300.00 W, 48, 2715 MHz
2026/09/19 22:18:39.253, 0, 49 %, 18 %, 717 MiB, 49140 MiB, 154.58 W, 300.00 W, 48, 2715 MHz
2026/09/19 22:18:40.253, 0, 54 %, 19 %, 717 MiB, 49140 MiB, 157.89 W, 300.00 W, 49, 2715 MHz
2026/09/19 22:18:41.254, 0, 53 %, 18 %, 717 MiB, 49140 MiB, 138.76 W, 300.00 W, 46, 2715 MHz
2026/09/19 22:18:42.254, 0, 48 %, 9 %, 717 MiB, 49140 MiB, 109.65 W, 300.00 W, 46, 2715 MHz
2026/09/19 22:18:43.255, 0, 0 %, 0 %, 715 MiB, 49140 MiB, 71.71 W, 300.00 W, 45, 2715 MHz
2026/09/19 22:18:44.255, 0, 0 %, 0 %, 0 MiB, 49140 MiB, 60.73 W, 300.00 W, 44, 2505 MHz
2026/09/19 22:18:45.259, 0, 0 %, 0 %, 0 MiB, 49140 MiB, 51.51 W, 300.00 W, 44, 2505 MHz
2026/09/19 22:18:46.259, 0, 0 %, 0 %, 0 MiB, 49140 MiB, 48.52 W, 300.00 W, 44, 615 MHz
2026/09/19 22:18:47.260, 0, 0 %, 0 %, 0 MiB, 49140 MiB, 37.90 W, 300.00 W, 43, 390 MHz
2026/09/19 22:18:48.261, 0, 0 %, 0 %, 0 MiB, 49140 MiB, 21.43 W, 300.00 W, 43, 225 MHz
2026/09/19 22:18:49.261, 0, 0 %, 0 %, 0 MiB, 49140 MiB, 17.61 W, 300.00 W, 43, 210 MHz
2026/09/19 22:18:50.262, 0, 0 %, 0 %, 0 MiB, 49140 MiB, 20.41 W, 300.00 W, 43, 210 MHz
2026/09/19 22:18:51.262, 0, 0 %, 0 %, 0 MiB, 49140 MiB, 20.92 W, 300.00 W, 42, 210 MHz
2026/09/19 22:18:52.263, 0, 0 %, 0 %, 0 MiB, 49140 MiB, 20.78 W, 300.00 W, 42, 210 MHz
2026/09/19 22:18:53.264, 0, 0 %, 0 %, 739 MiB, 49140 MiB, 24.96 W, 300.00 W, 43, 2505 MHz
2026/09/19 22:18:54.264, 0, 1 %, 0 %, 1413 MiB, 49140 MiB, 55.76 W, 300.00 W, 43, 2505 MHz
2026/09/19 22:18:55.265, 0, 21 %, 5 %, 717 MiB, 49140 MiB, 75.17 W, 300.00 W, 45, 2535 MHz
2026/09/19 22:18:56.265, 0, 44 %, 9 %, 1087 MiB, 49140 MiB, 111.08 W, 300.00 W, 46, 2715 MHz
2026/09/19 22:18:57.266, 0, 52 %, 19 %, 887 MiB, 49140 MiB, 131.34 W, 300.00 W, 46, 2715 MHz
2026/09/19 22:18:58.266, 0, 46 %, 10 %, 873 MiB, 49140 MiB, 119.57 W, 300.00 W, 46, 2715 MHz
2026/09/19 22:18:59.267, 0, 61 %, 29 %, 1087 MiB, 49140 MiB, 146.20 W, 300.00 W, 49, 2715 MHz
2026/09/19 22:19:00.267, 0, 53 %, 21 %, 811 MiB, 49140 MiB, 157.81 W, 300.00 W, 47, 2715 MHz
2026/09/19 22:19:01.268, 0, 61 %, 30 %, 717 MiB, 49140 MiB, 148.15 W, 300.00 W, 49, 2715 MHz
2026/09/19 22:19:02.269, 0, 55 %, 24 %, 1087 MiB, 49140 MiB, 140.66 W, 300.00 W, 51, 2715 MHz
2026/09/19 22:19:03.269, 0, 48 %, 11 %, 1087 MiB, 49140 MiB, 145.40 W, 300.00 W, 51, 2715 MHz
2026/09/19 22:19:04.270, 0, 50 %, 17 %, 717 MiB, 49140 MiB, 158.27 W, 300.00 W, 51, 2715 MHz
2026/09/19 22:19:05.270, 0, 47 %, 9 %, 1087 MiB, 49140 MiB, 158.75 W, 300.00 W, 50, 2715 MHz
2026/09/19 22:19:06.271, 0, 52 %, 25 %, 1087 MiB, 49140 MiB, 161.03 W, 300.00 W, 53, 2715 MHz
2026/09/19 22:19:07.271, 0, 48 %, 11 %, 875 MiB, 49140 MiB, 152.32 W, 300.00 W, 50, 2715 MHz
2026/09/19 22:19:08.272, 0, 44 %, 9 %, 717 MiB, 49140 MiB, 131.40 W, 300.00 W, 50, 2715 MHz
2026/09/19 22:19:09.274, 0, 41 %, 9 %, 717 MiB, 49140 MiB, 105.84 W, 300.00 W, 49, 2715 MHz
2026/09/19 22:19:10.274, 0, 0 %, 0 %, 715 MiB, 49140 MiB, 65.74 W, 300.00 W, 48, 2715 MHz
2026/09/19 22:19:11.275, 0, 0 %, 0 %, 0 MiB, 49140 MiB, 57.49 W, 300.00 W, 47, 2505 MHz
2026/09/19 22:19:12.275, 0, 0 %, 0 %, 0 MiB, 49140 MiB, 52.75 W, 300.00 W, 47, 2505 MHz
2026/09/19 22:19:13.276, 0, 0 %, 0 %, 0 MiB, 49140 MiB, 38.37 W, 300.00 W, 46, 495 MHz
2026/09/19 22:19:14.277, 0, 0 %, 0 %, 0 MiB, 49140 MiB, 28.30 W, 300.00 W, 46, 285 MHz
2026/09/19 22:19:15.280, 0, 0 %, 0 %, 0 MiB, 49140 MiB, 18.36 W, 300.00 W, 46, 210 MHz
2026/09/19 22:19:16.281, 0, 0 %, 0 %, 0 MiB, 49140 MiB, 17.23 W, 300.00 W, 45, 210 MHz
2026/09/19 22:19:17.282, 0, 0 %, 0 %, 0 MiB, 49140 MiB, 13.44 W, 300.00 W, 45, 210 MHz
2026/09/19 22:19:18.283, 0, 0 %, 0 %, 0 MiB, 49140 MiB, 9.51 W, 300.00 W, 45, 210 MHz
2026/09/19 22:19:19.283, 0, 0 %, 0 %, 0 MiB, 49140 MiB, 9.25 W, 300.00 W, 45, 210 MHz
2026/09/19 22:19:20.284, 0, 0 %, 0 %, 701 MiB, 49140 MiB, 9.26 W, 300.00 W, 44, 210 MHz
2026/09/19 22:19:21.285, 0, 15 %, 1 %, 793 MiB, 49140 MiB, 33.55 W, 300.00 W, 46, 2505 MHz
2026/09/19 22:19:22.285, 0, 7 %, 0 %, 717 MiB, 49140 MiB, 63.10 W, 300.00 W, 46, 2505 MHz
2026/09/19 22:19:23.286, 0, 45 %, 9 %, 1087 MiB, 49140 MiB, 104.51 W, 300.00 W, 49, 2715 MHz
2026/09/19 22:19:24.287, 0, 48 %, 11 %, 717 MiB, 49140 MiB, 130.90 W, 300.00 W, 51, 2715 MHz
2026/09/19 22:19:25.288, 0, 51 %, 10 %, 717 MiB, 49140 MiB, 113.46 W, 300.00 W, 49, 2715 MHz
2026/09/19 22:19:26.288, 0, 48 %, 9 %, 717 MiB, 49140 MiB, 137.83 W, 300.00 W, 49, 2715 MHz
2026/09/19 22:19:27.289, 0, 58 %, 30 %, 889 MiB, 49140 MiB, 156.28 W, 300.00 W, 52, 2715 MHz
2026/09/19 22:19:28.290, 0, 56 %, 20 %, 717 MiB, 49140 MiB, 159.58 W, 300.00 W, 50, 2715 MHz
2026/09/19 22:19:29.291, 0, 57 %, 29 %, 717 MiB, 49140 MiB, 142.87 W, 300.00 W, 52, 2715 MHz
2026/09/19 22:19:30.291, 0, 60 %, 30 %, 1087 MiB, 49140 MiB, 146.18 W, 300.00 W, 51, 2715 MHz
2026/09/19 22:19:31.292, 0, 56 %, 20 %, 1087 MiB, 49140 MiB, 147.70 W, 300.00 W, 54, 2715 MHz
2026/09/19 22:19:32.292, 0, 48 %, 12 %, 1087 MiB, 49140 MiB, 157.35 W, 300.00 W, 55, 2715 MHz
2026/09/19 22:19:33.293, 0, 50 %, 17 %, 1087 MiB, 49140 MiB, 161.87 W, 300.00 W, 55, 2715 MHz
2026/09/19 22:19:34.293, 0, 48 %, 11 %, 1087 MiB, 49140 MiB, 158.90 W, 300.00 W, 52, 2715 MHz
2026/09/19 22:19:35.294, 0, 50 %, 17 %, 1089 MiB, 49140 MiB, 134.80 W, 300.00 W, 52, 2715 MHz
2026/09/19 22:19:36.294, 0, 46 %, 9 %, 717 MiB, 49140 MiB, 112.99 W, 300.00 W, 51, 2715 MHz
2026/09/19 22:19:37.295, 0, 0 %, 0 %, 715 MiB, 49140 MiB, 69.72 W, 300.00 W, 50, 2715 MHz
2026/09/19 22:19:38.295, 0, 0 %, 0 %, 0 MiB, 49140 MiB, 62.85 W, 300.00 W, 49, 2505 MHz
2026/09/19 22:19:39.296, 0, 0 %, 0 %, 0 MiB, 49140 MiB, 53.34 W, 300.00 W, 49, 2505 MHz
2026/09/19 22:19:40.296, 0, 0 %, 0 %, 0 MiB, 49140 MiB, 51.99 W, 300.00 W, 48, 630 MHz
2026/09/19 22:19:41.297, 0, 0 %, 0 %, 0 MiB, 49140 MiB, 41.29 W, 300.00 W, 48, 405 MHz
2026/09/19 22:19:42.297, 0, 0 %, 0 %, 0 MiB, 49140 MiB, 23.88 W, 300.00 W, 47, 225 MHz
2026/09/19 22:19:43.298, 0, 0 %, 0 %, 0 MiB, 49140 MiB, 18.72 W, 300.00 W, 47, 210 MHz
2026/09/19 22:19:44.299, 0, 0 %, 0 %, 0 MiB, 49140 MiB, 20.42 W, 300.00 W, 47, 210 MHz
2026/09/19 22:19:45.300, 0, 0 %, 0 %, 0 MiB, 49140 MiB, 15.24 W, 300.00 W, 47, 210 MHz
2026/09/19 22:19:46.301, 0, 0 %, 0 %, 0 MiB, 49140 MiB, 10.05 W, 300.00 W, 46, 210 MHz
2026/09/19 22:19:47.304, 0, 0 %, 0 %, 0 MiB, 49140 MiB, 9.97 W, 300.00 W, 46, 210 MHz
2026/09/19 22:19:48.305, 0, 0 %, 0 %, 801 MiB, 49140 MiB, 24.35 W, 300.00 W, 47, 2505 MHz
2026/09/19 22:19:49.305, 0, 9 %, 1 %, 1087 MiB, 49140 MiB, 57.63 W, 300.00 W, 47, 2505 MHz
2026/09/19 22:19:50.306, 0, 36 %, 5 %, 1089 MiB, 49140 MiB, 92.68 W, 300.00 W, 49, 2715 MHz
2026/09/19 22:19:51.306, 0, 46 %, 9 %, 717 MiB, 49140 MiB, 120.12 W, 300.00 W, 53, 2715 MHz
2026/09/19 22:19:52.307, 0, 48 %, 11 %, 717 MiB, 49140 MiB, 125.79 W, 300.00 W, 51, 2715 MHz
2026/09/19 22:19:53.307, 0, 45 %, 10 %, 1087 MiB, 49140 MiB, 124.93 W, 300.00 W, 54, 2715 MHz
2026/09/19 22:19:54.308, 0, 48 %, 11 %, 717 MiB, 49140 MiB, 149.73 W, 300.00 W, 53, 2715 MHz
2026/09/19 22:19:55.308, 0, 57 %, 29 %, 875 MiB, 49140 MiB, 153.41 W, 300.00 W, 54, 2715 MHz
2026/09/19 22:19:56.309, 0, 55 %, 20 %, 717 MiB, 49140 MiB, 155.83 W, 300.00 W, 52, 2715 MHz
2026/09/19 22:19:57.310, 0, 46 %, 9 %, 717 MiB, 49140 MiB, 148.09 W, 300.00 W, 52, 2715 MHz
2026/09/19 22:19:58.310, 0, 47 %, 11 %, 1087 MiB, 49140 MiB, 152.43 W, 300.00 W, 52, 2700 MHz
2026/09/19 22:19:59.311, 0, 45 %, 10 %, 717 MiB, 49140 MiB, 159.26 W, 300.00 W, 55, 2700 MHz
2026/09/19 22:20:00.311, 0, 47 %, 16 %, 1087 MiB, 49140 MiB, 157.15 W, 300.00 W, 56, 2700 MHz
2026/09/19 22:20:01.313, 0, 48 %, 11 %, 717 MiB, 49140 MiB, 159.02 W, 300.00 W, 56, 2700 MHz
2026/09/19 22:20:02.313, 0, 50 %, 13 %, 717 MiB, 49140 MiB, 150.63 W, 300.00 W, 56, 2700 MHz
2026/09/19 22:20:03.315, 0, 45 %, 9 %, 717 MiB, 49140 MiB, 124.32 W, 300.00 W, 52, 2700 MHz
2026/09/19 22:20:04.315, 0, 39 %, 6 %, 715 MiB, 49140 MiB, 91.34 W, 300.00 W, 51, 2700 MHz
2026/09/19 22:20:05.316, 0, 0 %, 0 %, 0 MiB, 49140 MiB, 60.22 W, 300.00 W, 51, 2505 MHz
2026/09/19 22:20:06.317, 0, 0 %, 0 %, 0 MiB, 49140 MiB, 53.99 W, 300.00 W, 50, 2505 MHz
2026/09/19 22:20:07.317, 0, 0 %, 0 %, 0 MiB, 49140 MiB, 45.62 W, 300.00 W, 49, 555 MHz
2026/09/19 22:20:08.318, 0, 0 %, 0 %, 0 MiB, 49140 MiB, 32.29 W, 300.00 W, 49, 330 MHz
2026/09/19 22:20:09.318, 0, 0 %, 0 %, 0 MiB, 49140 MiB, 18.74 W, 300.00 W, 49, 210 MHz
2026/09/19 22:20:10.319, 0, 0 %, 0 %, 0 MiB, 49140 MiB, 20.07 W, 300.00 W, 48, 210 MHz
2026/09/19 22:20:11.325, 0, 0 %, 0 %, 0 MiB, 49140 MiB, 22.28 W, 300.00 W, 48, 210 MHz
2026/09/19 22:20:12.325, 0, 0 %, 0 %, 0 MiB, 49140 MiB, 22.14 W, 300.00 W, 48, 210 MHz
2026/09/19 22:20:13.331, 0, 0 %, 0 %, 0 MiB, 49140 MiB, 22.14 W, 300.00 W, 48, 210 MHz
2026/09/19 22:20:14.331, 0, 0 %, 0 %, 0 MiB, 49140 MiB, 22.07 W, 300.00 W, 48, 210 MHz
2026/09/19 22:20:15.332, 0, 0 %, 0 %, 739 MiB, 49140 MiB, 34.24 W, 300.00 W, 48, 2505 MHz
2026/09/19 22:20:16.332, 0, 20 %, 1 %, 865 MiB, 49140 MiB, 59.02 W, 300.00 W, 49, 2505 MHz
2026/09/19 22:20:17.333, 0, 50 %, 13 %, 1089 MiB, 49140 MiB, 97.73 W, 300.00 W, 51, 2715 MHz
2026/09/19 22:20:18.333, 0, 51 %, 17 %, 1087 MiB, 49140 MiB, 124.13 W, 300.00 W, 51, 2715 MHz
2026/09/19 22:20:19.334, 0, 48 %, 9 %, 717 MiB, 49140 MiB, 124.88 W, 300.00 W, 51, 2715 MHz
2026/09/19 22:20:20.335, 0, 56 %, 16 %, 1087 MiB, 49140 MiB, 128.66 W, 300.00 W, 54, 2715 MHz
2026/09/19 22:20:21.335, 0, 58 %, 26 %, 1087 MiB, 49140 MiB, 156.82 W, 300.00 W, 52, 2700 MHz
2026/09/19 22:20:22.336, 0, 51 %, 13 %, 1087 MiB, 49140 MiB, 157.98 W, 300.00 W, 56, 2700 MHz
2026/09/19 22:20:23.337, 0, 47 %, 11 %, 717 MiB, 49140 MiB, 149.43 W, 300.00 W, 56, 2700 MHz
2026/09/19 22:20:24.337, 0, 57 %, 24 %, 1087 MiB, 49140 MiB, 147.20 W, 300.00 W, 53, 2700 MHz
2026/09/19 22:20:25.338, 0, 50 %, 12 %, 1087 MiB, 49140 MiB, 151.27 W, 300.00 W, 56, 2700 MHz
2026/09/19 22:20:26.339, 0, 49 %, 12 %, 1087 MiB, 49140 MiB, 158.05 W, 300.00 W, 54, 2700 MHz
2026/09/19 22:20:27.339, 0, 54 %, 25 %, 1087 MiB, 49140 MiB, 160.16 W, 300.00 W, 55, 2700 MHz
2026/09/19 22:20:28.340, 0, 50 %, 17 %, 717 MiB, 49140 MiB, 165.71 W, 300.00 W, 58, 2700 MHz
2026/09/19 22:20:29.342, 0, 44 %, 9 %, 717 MiB, 49140 MiB, 147.52 W, 300.00 W, 54, 2700 MHz
2026/09/19 22:20:30.342, 0, 41 %, 8 %, 717 MiB, 49140 MiB, 112.38 W, 300.00 W, 56, 2700 MHz
2026/09/19 22:20:31.343, 0, 0 %, 0 %, 715 MiB, 49140 MiB, 86.86 W, 300.00 W, 52, 2685 MHz
2026/09/19 22:20:32.344, 0, 0 %, 0 %, 715 MiB, 49140 MiB, 66.68 W, 300.00 W, 52, 2505 MHz
2026/09/19 22:20:33.344, 0, 0 %, 0 %, 0 MiB, 49140 MiB, 56.56 W, 300.00 W, 51, 2505 MHz
2026/09/19 22:20:34.345, 0, 0 %, 0 %, 0 MiB, 49140 MiB, 55.28 W, 300.00 W, 51, 2505 MHz
2026/09/19 22:20:35.345, 0, 0 %, 0 %, 0 MiB, 49140 MiB, 41.44 W, 300.00 W, 50, 495 MHz
2026/09/19 22:20:36.346, 0, 0 %, 0 %, 0 MiB, 49140 MiB, 27.87 W, 300.00 W, 50, 300 MHz
2026/09/19 22:20:37.346, 0, 0 %, 0 %, 0 MiB, 49140 MiB, 23.15 W, 300.00 W, 49, 210 MHz
2026/09/19 22:20:38.347, 0, 0 %, 0 %, 0 MiB, 49140 MiB, 20.23 W, 300.00 W, 49, 210 MHz
2026/09/19 22:20:39.348, 0, 0 %, 0 %, 0 MiB, 49140 MiB, 22.21 W, 300.00 W, 49, 210 MHz
2026/09/19 22:20:40.348, 0, 0 %, 0 %, 0 MiB, 49140 MiB, 22.42 W, 300.00 W, 49, 210 MHz
2026/09/19 22:20:41.352, 0, 0 %, 0 %, 0 MiB, 49140 MiB, 22.37 W, 300.00 W, 49, 210 MHz
2026/09/19 22:20:42.352, 0, 14 %, 1 %, 701 MiB, 49140 MiB, 26.25 W, 300.00 W, 49, 2505 MHz
2026/09/19 22:20:43.353, 0, 5 %, 0 %, 795 MiB, 49140 MiB, 57.40 W, 300.00 W, 49, 2505 MHz
2026/09/19 22:20:44.353, 0, 48 %, 9 %, 1089 MiB, 49140 MiB, 86.59 W, 300.00 W, 53, 2715 MHz
2026/09/19 22:20:45.354, 0, 54 %, 23 %, 1087 MiB, 49140 MiB, 120.62 W, 300.00 W, 55, 2715 MHz
2026/09/19 22:20:46.355, 0, 47 %, 10 %, 875 MiB, 49140 MiB, 132.71 W, 300.00 W, 53, 2700 MHz
2026/09/19 22:20:47.355, 0, 47 %, 11 %, 717 MiB, 49140 MiB, 123.35 W, 300.00 W, 56, 2700 MHz
2026/09/19 22:20:48.356, 0, 54 %, 20 %, 1087 MiB, 49140 MiB, 153.41 W, 300.00 W, 53, 2700 MHz
2026/09/19 22:20:49.356, 0, 46 %, 11 %, 717 MiB, 49140 MiB, 158.50 W, 300.00 W, 57, 2700 MHz
2026/09/19 22:20:50.357, 0, 55 %, 17 %, 1087 MiB, 49140 MiB, 152.52 W, 300.00 W, 55, 2700 MHz
2026/09/19 22:20:51.358, 0, 50 %, 13 %, 717 MiB, 49140 MiB, 144.39 W, 300.00 W, 57, 2700 MHz
2026/09/19 22:20:52.358, 0, 48 %, 11 %, 717 MiB, 49140 MiB, 149.77 W, 300.00 W, 57, 2700 MHz
2026/09/19 22:20:53.359, 0, 50 %, 18 %, 1089 MiB, 49140 MiB, 159.62 W, 300.00 W, 58, 2700 MHz
2026/09/19 22:20:54.359, 0, 61 %, 30 %, 1087 MiB, 49140 MiB, 161.92 W, 300.00 W, 55, 2700 MHz
2026/09/19 22:20:55.360, 0, 51 %, 23 %, 1087 MiB, 49140 MiB, 167.71 W, 300.00 W, 59, 2700 MHz
2026/09/19 22:20:56.361, 0, 57 %, 29 %, 717 MiB, 49140 MiB, 157.51 W, 300.00 W, 56, 2700 MHz
2026/09/19 22:20:57.362, 0, 49 %, 10 %, 717 MiB, 49140 MiB, 127.28 W, 300.00 W, 54, 2700 MHz
2026/09/19 22:20:58.362, 0, 0 %, 0 %, 715 MiB, 49140 MiB, 88.43 W, 300.00 W, 53, 2700 MHz
2026/09/19 22:20:59.363, 0, 0 %, 0 %, 715 MiB, 49140 MiB, 67.22 W, 300.00 W, 53, 2700 MHz
2026/09/19 22:21:00.363, 0, 0 %, 0 %, 0 MiB, 49140 MiB, 59.00 W, 300.00 W, 52, 2505 MHz
2026/09/19 22:21:01.364, 0, 0 %, 0 %, 0 MiB, 49140 MiB, 56.64 W, 300.00 W, 52, 2505 MHz
2026/09/19 22:21:02.364, 0, 0 %, 0 %, 0 MiB, 49140 MiB, 40.22 W, 300.00 W, 51, 465 MHz
2026/09/19 22:21:03.365, 0, 0 %, 0 %, 0 MiB, 49140 MiB, 26.39 W, 300.00 W, 50, 285 MHz
2026/09/19 22:21:04.366, 0, 0 %, 0 %, 0 MiB, 49140 MiB, 21.89 W, 300.00 W, 50, 210 MHz
2026/09/19 22:21:05.367, 0, 0 %, 0 %, 0 MiB, 49140 MiB, 19.98 W, 300.00 W, 50, 210 MHz
2026/09/19 22:21:06.367, 0, 0 %, 0 %, 0 MiB, 49140 MiB, 22.55 W, 300.00 W, 50, 210 MHz
2026/09/19 22:21:07.369, 0, 0 %, 0 %, 0 MiB, 49140 MiB, 22.52 W, 300.00 W, 49, 210 MHz
2026/09/19 22:21:08.369, 0, 0 %, 0 %, 20 MiB, 49140 MiB, 22.59 W, 300.00 W, 49, 210 MHz
2026/09/19 22:21:09.371, 0, 9 %, 1 %, 783 MiB, 49140 MiB, 56.92 W, 300.00 W, 50, 2505 MHz
2026/09/19 22:21:10.372, 0, 34 %, 7 %, 1087 MiB, 49140 MiB, 66.55 W, 300.00 W, 52, 2505 MHz
2026/09/19 22:21:11.373, 0, 48 %, 9 %, 891 MiB, 49140 MiB, 116.17 W, 300.00 W, 52, 2715 MHz
2026/09/19 22:21:12.373, 0, 46 %, 10 %, 717 MiB, 49140 MiB, 130.81 W, 300.00 W, 53, 2700 MHz
2026/09/19 22:21:13.374, 0, 49 %, 10 %, 887 MiB, 49140 MiB, 118.70 W, 300.00 W, 53, 2700 MHz
2026/09/19 22:21:14.374, 0, 56 %, 27 %, 717 MiB, 49140 MiB, 144.46 W, 300.00 W, 55, 2700 MHz
2026/09/19 22:21:15.375, 0, 54 %, 23 %, 717 MiB, 49140 MiB, 167.93 W, 300.00 W, 55, 2700 MHz
2026/09/19 22:21:16.376, 0, 49 %, 9 %, 889 MiB, 49140 MiB, 155.12 W, 300.00 W, 54, 2700 MHz
2026/09/19 22:21:17.376, 0, 56 %, 27 %, 717 MiB, 49140 MiB, 145.63 W, 300.00 W, 56, 2700 MHz
2026/09/19 22:21:18.377, 0, 47 %, 9 %, 1087 MiB, 49140 MiB, 148.29 W, 300.00 W, 56, 2700 MHz
2026/09/19 22:21:19.377, 0, 47 %, 11 %, 1087 MiB, 49140 MiB, 155.77 W, 300.00 W, 57, 2700 MHz
2026/09/19 22:21:20.378, 0, 47 %, 13 %, 1087 MiB, 49140 MiB, 158.25 W, 300.00 W, 55, 2700 MHz
2026/09/19 22:21:21.378, 0, 49 %, 12 %, 1087 MiB, 49140 MiB, 159.40 W, 300.00 W, 59, 2700 MHz
2026/09/19 22:21:22.380, 0, 48 %, 12 %, 717 MiB, 49140 MiB, 158.00 W, 300.00 W, 55, 2700 MHz
2026/09/19 22:21:23.381, 0, 49 %, 12 %, 717 MiB, 49140 MiB, 133.67 W, 300.00 W, 56, 2700 MHz
2026/09/19 22:21:24.382, 0, 22 %, 8 %, 717 MiB, 49140 MiB, 112.56 W, 300.00 W, 57, 2700 MHz
2026/09/19 22:21:25.382, 0, 0 %, 0 %, 715 MiB, 49140 MiB, 71.59 W, 300.00 W, 54, 2700 MHz
2026/09/19 22:21:26.383, 0, 0 %, 0 %, 0 MiB, 49140 MiB, 65.26 W, 300.00 W, 53, 2505 MHz
2026/09/19 22:21:27.383, 0, 0 %, 0 %, 0 MiB, 49140 MiB, 57.44 W, 300.00 W, 53, 2505 MHz
2026/09/19 22:21:28.384, 0, 0 %, 0 %, 0 MiB, 49140 MiB, 46.99 W, 300.00 W, 52, 570 MHz
2026/09/19 22:21:29.384, 0, 0 %, 0 %, 0 MiB, 49140 MiB, 34.43 W, 300.00 W, 51, 345 MHz
2026/09/19 22:21:30.385, 0, 0 %, 0 %, 0 MiB, 49140 MiB, 20.42 W, 300.00 W, 51, 210 MHz
2026/09/19 22:21:31.386, 0, 0 %, 0 %, 0 MiB, 49140 MiB, 20.48 W, 300.00 W, 50, 210 MHz
2026/09/19 22:21:32.386, 0, 0 %, 0 %, 0 MiB, 49140 MiB, 22.85 W, 300.00 W, 50, 210 MHz
2026/09/19 22:21:33.387, 0, 0 %, 0 %, 0 MiB, 49140 MiB, 22.91 W, 300.00 W, 50, 210 MHz
2026/09/19 22:21:34.388, 0, 0 %, 0 %, 0 MiB, 49140 MiB, 22.88 W, 300.00 W, 50, 210 MHz
2026/09/19 22:21:35.389, 0, 0 %, 0 %, 0 MiB, 49140 MiB, 22.72 W, 300.00 W, 49, 210 MHz
2026/09/19 22:21:36.389, 0, 0 %, 0 %, 705 MiB, 49140 MiB, 33.27 W, 300.00 W, 50, 2505 MHz
2026/09/19 22:21:37.390, 0, 29 %, 2 %, 865 MiB, 49140 MiB, 59.96 W, 300.00 W, 51, 2505 MHz
2026/09/19 22:21:38.391, 0, 50 %, 10 %, 1089 MiB, 49140 MiB, 102.63 W, 300.00 W, 52, 2715 MHz
2026/09/19 22:21:39.391, 0, 47 %, 14 %, 717 MiB, 49140 MiB, 128.40 W, 300.00 W, 56, 2715 MHz
2026/09/19 22:21:40.393, 0, 48 %, 9 %, 717 MiB, 49140 MiB, 122.85 W, 300.00 W, 55, 2700 MHz
2026/09/19 22:21:41.394, 0, 60 %, 28 %, 1089 MiB, 49140 MiB, 140.28 W, 300.00 W, 54, 2700 MHz
2026/09/19 22:21:42.394, 0, 55 %, 27 %, 717 MiB, 49140 MiB, 160.62 W, 300.00 W, 55, 2700 MHz
2026/09/19 22:21:43.395, 0, 54 %, 18 %, 1087 MiB, 49140 MiB, 162.09 W, 300.00 W, 56, 2700 MHz
2026/09/19 22:21:44.395, 0, 51 %, 10 %, 1089 MiB, 49140 MiB, 152.19 W, 300.00 W, 54, 2700 MHz
2026/09/19 22:21:45.396, 0, 57 %, 24 %, 717 MiB, 49140 MiB, 151.18 W, 300.00 W, 55, 2700 MHz
2026/09/19 22:21:46.397, 0, 53 %, 14 %, 717 MiB, 49140 MiB, 151.55 W, 300.00 W, 58, 2700 MHz
2026/09/19 22:21:47.397, 0, 59 %, 31 %, 1087 MiB, 49140 MiB, 160.53 W, 300.00 W, 56, 2700 MHz
2026/09/19 22:21:48.398, 0, 54 %, 24 %, 717 MiB, 49140 MiB, 169.29 W, 300.00 W, 57, 2700 MHz
2026/09/19 22:21:49.401, 0, 52 %, 19 %, 717 MiB, 49140 MiB, 166.90 W, 300.00 W, 59, 2700 MHz
2026/09/19 22:21:50.402, 0, 47 %, 10 %, 887 MiB, 49140 MiB, 142.01 W, 300.00 W, 57, 2700 MHz
2026/09/19 22:21:51.402, 0, 46 %, 9 %, 717 MiB, 49140 MiB, 117.07 W, 300.00 W, 57, 2700 MHz
2026/09/19 22:21:52.403, 0, 0 %, 0 %, 715 MiB, 49140 MiB, 75.76 W, 300.00 W, 54, 2700 MHz
2026/09/19 22:21:53.403, 0, 9 %, 1 %, 0 MiB, 49140 MiB, 65.11 W, 300.00 W, 53, 2505 MHz
2026/09/19 22:21:54.404, 0, 0 %, 0 %, 0 MiB, 49140 MiB, 56.11 W, 300.00 W, 53, 2505 MHz
2026/09/19 22:21:55.404, 0, 0 %, 0 %, 0 MiB, 49140 MiB, 44.05 W, 300.00 W, 52, 495 MHz
2026/09/19 22:21:56.405, 0, 0 %, 0 %, 0 MiB, 49140 MiB, 36.31 W, 300.00 W, 51, 315 MHz
2026/09/19 22:21:57.406, 0, 0 %, 0 %, 0 MiB, 49140 MiB, 24.53 W, 300.00 W, 51, 210 MHz
2026/09/19 22:21:58.406, 0, 0 %, 0 %, 0 MiB, 49140 MiB, 20.63 W, 300.00 W, 51, 210 MHz
2026/09/19 22:21:59.407, 0, 0 %, 0 %, 0 MiB, 49140 MiB, 22.42 W, 300.00 W, 50, 210 MHz
2026/09/19 22:22:00.408, 0, 0 %, 0 %, 0 MiB, 49140 MiB, 22.87 W, 300.00 W, 50, 210 MHz
2026/09/19 22:22:01.408, 0, 0 %, 0 %, 0 MiB, 49140 MiB, 22.83 W, 300.00 W, 50, 210 MHz
2026/09/19 22:22:02.409, 0, 0 %, 0 %, 3 MiB, 49140 MiB, 22.86 W, 300.00 W, 50, 210 MHz
2026/09/19 22:22:03.423, 0, 9 %, 1 %, 783 MiB, 49140 MiB, 51.71 W, 300.00 W, 51, 2505 MHz
2026/09/19 22:22:04.424, 0, 35 %, 6 %, 1087 MiB, 49140 MiB, 66.90 W, 300.00 W, 53, 2505 MHz
2026/09/19 22:22:05.425, 0, 47 %, 9 %, 1089 MiB, 49140 MiB, 116.76 W, 300.00 W, 55, 2715 MHz
2026/09/19 22:22:06.425, 0, 46 %, 9 %, 1089 MiB, 49140 MiB, 133.27 W, 300.00 W, 55, 2700 MHz
2026/09/19 22:22:07.426, 0, 48 %, 11 %, 717 MiB, 49140 MiB, 116.55 W, 300.00 W, 56, 2700 MHz
2026/09/19 22:22:08.426, 0, 56 %, 22 %, 1087 MiB, 49140 MiB, 147.37 W, 300.00 W, 54, 2700 MHz
2026/09/19 22:22:09.427, 0, 57 %, 30 %, 717 MiB, 49140 MiB, 166.50 W, 300.00 W, 55, 2700 MHz
2026/09/19 22:22:10.428, 0, 50 %, 9 %, 1087 MiB, 49140 MiB, 155.24 W, 300.00 W, 56, 2700 MHz
2026/09/19 22:22:11.428, 0, 53 %, 27 %, 1087 MiB, 49140 MiB, 145.36 W, 300.00 W, 56, 2700 MHz
2026/09/19 22:22:12.429, 0, 50 %, 12 %, 717 MiB, 49140 MiB, 149.41 W, 300.00 W, 58, 2700 MHz
2026/09/19 22:22:13.430, 0, 48 %, 13 %, 717 MiB, 49140 MiB, 159.80 W, 300.00 W, 59, 2700 MHz
2026/09/19 22:22:14.430, 0, 54 %, 27 %, 1087 MiB, 49140 MiB, 159.89 W, 300.00 W, 57, 2700 MHz
2026/09/19 22:22:15.431, 0, 51 %, 19 %, 1087 MiB, 49140 MiB, 167.03 W, 300.00 W, 59, 2700 MHz
2026/09/19 22:22:16.431, 0, 51 %, 13 %, 1087 MiB, 49140 MiB, 155.91 W, 300.00 W, 57, 2700 MHz
2026/09/19 22:22:17.435, 0, 52 %, 11 %, 717 MiB, 49140 MiB, 136.71 W, 300.00 W, 56, 2700 MHz
2026/09/19 22:22:18.435, 0, 0 %, 0 %, 717 MiB, 49140 MiB, 106.29 W, 300.00 W, 54, 2700 MHz
2026/09/19 22:22:19.436, 0, 0 %, 0 %, 715 MiB, 49140 MiB, 67.87 W, 300.00 W, 54, 2700 MHz
